iso,indicator,X2000,X2001,X2002,X2003,X2004,X2005,X2006,X2007,X2008,X2009,X2010,X2011,X2012,X2013,X2014,X2015,X2016,X2017,X2018,X2019
AFG,"Mortality rate, infant (per 1,000 live births)",90.5,87.9,85.3,82.7,80,77.3,74.6,71.9,69.2,66.7,64.2,61.8,59.5,57.3,55.2,53.2,51.3,49.5,47.9,46.4
AGO,"Mortality rate, infant (per 1,000 live births)",121.5,118.2,114.5,110.4,105.7,100.9,95.7,90.6,85.5,80.6,75.9,71.5,67.4,63.7,60.5,57.7,55.5,53.5,51.7,49.9
ALB,"Mortality rate, infant (per 1,000 live births)",24.1,22.9,21.7,20.4,19.1,17.8,16.6,15.3,14.1,12.9,11.8,10.8,10,9.3,8.8,8.5,8.4,8.4,8.5,8.6
AND,"Mortality rate, infant (per 1,000 live births)",7.3,6.9,6.5,6.2,5.9,5.6,5.3,5,4.7,4.4,4.1,3.9,3.7,3.5,3.3,3.1,2.9,2.8,2.6,2.5
ARE,"Mortality rate, infant (per 1,000 live births)",9.6,9.3,9.1,8.9,8.6,8.4,8.2,8.1,7.9,7.6,7.4,7.2,7,6.8,6.7,6.5,6.3,6.2,6,5.8
ARG,"Mortality rate, infant (per 1,000 live births)",17.5,16.9,16.4,15.8,15.3,14.8,14.4,14,13.7,13.3,12.9,12.4,11.9,11.3,10.8,10.2,9.7,9.2,8.6,8.1
ARM,"Mortality rate, infant (per 1,000 live births)",27,25.7,24.5,23.3,22.2,21.1,20,19,18.1,17.2,16.3,15.5,14.7,14,13.3,12.6,12,11.3,10.8,10.2
ATG,"Mortality rate, infant (per 1,000 live births)",12.6,12.3,11.9,11.5,11,10.6,10.1,9.6,9.2,8.7,8.3,7.9,7.5,7.1,6.8,6.5,6.2,6,5.8,5.6
AUS,"Mortality rate, infant (per 1,000 live births)",5.1,5,5,4.9,4.8,4.8,4.7,4.5,4.4,4.2,4,3.8,3.6,3.5,3.4,3.3,3.2,3.2,3.2,3.2
AUT,"Mortality rate, infant (per 1,000 live births)",4.6,4.5,4.4,4.3,4.2,4.1,3.9,3.8,3.8,3.7,3.6,3.5,3.3,3.2,3.1,3,3,2.9,2.9,2.9
AZE,"Mortality rate, infant (per 1,000 live births)",60.9,57.2,53.5,50.1,47,44.1,41.5,39.1,36.8,34.7,32.5,30.5,28.5,26.7,24.9,23.3,21.8,20.3,19.2,18.2
BDI,"Mortality rate, infant (per 1,000 live births)",94.7,91.9,88.9,85.7,82.3,78.4,74.4,70.4,66.5,62.9,59.4,56.3,53.4,50.7,48.2,46.2,44.4,42.7,41.3,39.9
BEL,"Mortality rate, infant (per 1,000 live births)",4.8,4.6,4.4,4.3,4.2,4,4,3.9,3.8,3.7,3.6,3.6,3.5,3.4,3.3,3.3,3.3,3.3,3.4,3.4
BEN,"Mortality rate, infant (per 1,000 live births)",85,83.3,81.5,79.8,78.2,76.5,75,73.6,72.2,70.9,69.6,68.3,67,65.7,64.4,63.2,61.9,60.6,59.3,57.9
BFA,"Mortality rate, infant (per 1,000 live births)",90.9,89.3,87.6,85.5,83.3,80.8,78.1,75.4,72.7,70.3,68.1,66.3,64.4,62.7,61.2,59.6,58.2,56.7,55.4,54.1
BGD,"Mortality rate, infant (per 1,000 live births)",63.1,60,57,54.3,51.8,49.4,47,44.8,42.7,40.7,38.9,37.2,35.6,34,32.5,31,29.6,28.2,26.8,25.5
BGR,"Mortality rate, infant (per 1,000 live births)",14.4,13.8,13.2,12.5,11.8,11,10.3,9.9,9.5,9.3,9,8.7,8.2,7.8,7.3,6.9,6.5,6.1,5.8,5.5
BHR,"Mortality rate, infant (per 1,000 live births)",10.7,10.3,10,9.7,9.4,9.1,8.8,8.4,8,7.6,7.3,7,6.8,6.7,6.6,6.5,6.4,6.3,6.1,5.9
BHS,"Mortality rate, infant (per 1,000 live births)",13.9,14,14.1,14.3,14.4,14.4,14.3,14.1,13.9,13.6,13.3,13,12.8,12.5,12.2,12,11.7,11.4,11.2,14.5
BIH,"Mortality rate, infant (per 1,000 live births)",8.7,8.4,8.2,8.1,7.9,7.8,7.5,7.2,6.9,6.6,6.3,6,5.8,5.6,5.5,5.4,5.3,5.3,5.2,5.1
BLR,"Mortality rate, infant (per 1,000 live births)",9.9,9.2,8.5,7.8,7.3,6.7,6.2,5.6,5.1,4.6,4.3,3.9,3.7,3.5,3.3,3.1,2.9,2.7,2.5,2.4
BLZ,"Mortality rate, infant (per 1,000 live births)",20,19.4,18.9,18.5,18.2,17.9,17.6,17.3,17,16.6,16.2,15.7,15.2,14.6,13.9,13.2,12.5,11.8,11.1,10.6
BOL,"Mortality rate, infant (per 1,000 live births)",55.9,53.1,50.4,47.8,45.4,43.1,40.8,38.7,36.7,34.8,33,31.2,29.6,28,26.6,25.4,24.3,23.2,22.3,21.5
BRA,"Mortality rate, infant (per 1,000 live births)",30.4,28.5,26.8,25.1,23.5,22,20.7,19.5,18.4,17.5,16.7,16,15.4,14.9,14.6,14.2,15,13.8,13.6,13.3
BRB,"Mortality rate, infant (per 1,000 live births)",13.7,14,14.2,14.3,14.4,14.4,14.3,14.2,14.1,13.9,13.8,13.7,13.6,13.5,13.3,13,12.7,12.4,12.1,11.7
BRN,"Mortality rate, infant (per 1,000 live births)",8.2,8,7.9,7.8,7.7,7.7,7.7,7.7,7.7,7.8,7.9,8.1,8.2,8.4,8.6,8.8,9,9.2,9.4,9.6
BTN,"Mortality rate, infant (per 1,000 live births)",57.5,54.8,52.2,49.7,47.2,44.7,42.3,40.1,38,36,34.1,32.4,31,29.6,28.5,27.4,26.5,25.6,24.7,23.9
BWA,"Mortality rate, infant (per 1,000 live births)",45.2,44.6,43.9,43.1,42.1,38.9,38.1,39.5,40.3,40.1,39.5,41.1,40.2,39.4,40.1,39.6,39.3,38.2,37.6,36.9
CAF,"Mortality rate, infant (per 1,000 live births)",109.9,109.2,108.5,107.7,106.9,106.1,104.8,103.7,102.5,100.6,99,96.7,94.5,93,90.5,87.9,85.6,83.8,81.6,79.1
CAN,"Mortality rate, infant (per 1,000 live births)",5.3,5.3,5.3,5.3,5.3,5.2,5.2,5.1,5.1,5,5,4.9,4.9,4.8,4.7,4.7,4.6,4.6,4.5,4.4
CHE,"Mortality rate, infant (per 1,000 live births)",4.7,4.6,4.5,4.5,4.4,4.3,4.2,4.1,4,4,3.9,3.9,3.8,3.8,3.8,3.7,3.7,3.6,3.6,3.6
CHL,"Mortality rate, infant (per 1,000 live births)",9.2,8.7,8.3,8.1,7.9,7.7,7.6,7.6,7.6,7.5,7.4,7.3,7.2,7.1,6.9,6.7,6.5,6.4,6.2,6
CHN,"Mortality rate, infant (per 1,000 live births)",29.9,27.8,25.6,23.4,21.4,19.4,17.7,16.2,14.8,13.6,12.5,11.5,10.6,9.8,9,8.3,7.6,7,6.4,5.9
CIV,"Mortality rate, infant (per 1,000 live births)",95.6,93.7,91.6,89.6,87.5,85.2,83.4,81.1,78.7,76.6,74.7,72.9,71,69.1,67.3,65.7,64.4,62.9,61.3,59.4
CMR,"Mortality rate, infant (per 1,000 live births)",87.6,85.8,83.7,81.7,79.7,78.1,76.2,74.6,72.7,71.1,68.6,66.6,64.2,61.6,59.5,57,55.2,53.2,51.3,49.9
COD,"Mortality rate, infant (per 1,000 live births)",106.5,104.4,102.2,99.9,97.5,95.2,92.8,90.4,88.1,85.8,83.5,81.3,79.1,77,75,73,71.1,69.1,67.3,65.5
COG,"Mortality rate, infant (per 1,000 live births)",72.4,70.7,68,64.6,60.7,56.8,53.1,49.8,46.9,44.7,43,41.7,40.7,39.7,38.7,37.6,36.6,35.6,34.7,35.9
COL,"Mortality rate, infant (per 1,000 live births)",21.2,20.6,19.9,19.4,18.9,18.3,17.8,17.2,16.7,16.2,15.7,15.2,14.7,14.3,13.8,13.4,12.9,12.5,12.1,11.7
COM,"Mortality rate, infant (per 1,000 live births)",72.4,72.1,72,71.7,71,69.8,68.4,66.8,65.3,63.7,62.2,60.5,58.9,57.2,55.8,54.4,53,51.5,50.1,48.7
CPV,"Mortality rate, infant (per 1,000 live births)",31.1,28.4,26.3,24.8,24,23.5,23.4,23.3,23.1,22.7,22.1,21.3,20.3,19.2,17.9,16.7,15.5,14.5,13.6,12.8
CRI,"Mortality rate, infant (per 1,000 live births)",11.1,10.5,10.1,10,9.9,9.9,9.8,9.7,9.5,9.3,9.2,8.9,8.6,8.2,7.9,7.7,7.6,7.5,7.4,7.2
CUB,"Mortality rate, infant (per 1,000 live births)",7,6.8,6.5,6.3,6.1,5.9,5.7,5.5,5.4,5.2,5.1,5,4.8,4.7,4.6,4.5,4.4,4.3,4.3,4.2
CYP,"Mortality rate, infant (per 1,000 live births)",5.6,5.2,4.8,4.5,4.1,3.8,3.6,3.3,3.1,3,2.8,2.7,2.6,2.5,2.4,2.4,2.4,2.3,2.3,2.3
CZE,"Mortality rate, infant (per 1,000 live births)",4.5,4.3,4.1,3.9,3.7,3.6,3.4,3.2,3,2.9,2.7,2.6,2.6,2.5,2.5,2.5,2.6,2.6,2.5,2.4
DEU,"Mortality rate, infant (per 1,000 live births)",4.4,4.3,4.2,4.1,4,3.9,3.8,3.7,3.6,3.5,3.5,3.4,3.4,3.3,3.3,3.3,3.3,3.3,3.2,3.2
DJI,"Mortality rate, infant (per 1,000 live births)",79.9,78.2,76.5,74.7,72.9,71.2,69.4,67.6,65.9,64.2,62.5,60.9,59.3,57.8,56.2,54.6,53.1,51.6,50.1,48.6
DMA,"Mortality rate, infant (per 1,000 live births)",14.1,14.5,14.9,15.5,16.1,16.8,17.5,18.3,19.2,20.2,21.3,22.5,23.7,25,26.2,27.5,28.7,29.7,30.6,31.2
DNK,"Mortality rate, infant (per 1,000 live births)",4.7,4.7,4.6,4.5,4.3,4.2,4,3.8,3.7,3.6,3.5,3.4,3.5,3.5,3.5,3.5,3.5,3.4,3.3,3.2
DOM,"Mortality rate, infant (per 1,000 live births)",32.4,31.7,31.1,30.6,30.1,29.8,29.5,29.3,29.1,29,28.9,28.8,28.8,28.8,28.8,28.8,28.8,28.7,28.6,28.3
DZA,"Mortality rate, infant (per 1,000 live births)",33.9,33.3,32.4,31.3,30.1,28.8,27.6,26.4,25.3,24.4,23.6,22.9,22.5,22.1,21.9,21.6,21.3,20.9,20.4,20
ECU,"Mortality rate, infant (per 1,000 live births)",24.7,23.4,22.4,21.5,20.7,19.9,19.2,18.5,17.7,17,16.3,15.6,14.9,14.3,13.7,13.2,12.8,12.4,12,11.6
EGY,"Mortality rate, infant (per 1,000 live births)",37.1,35.2,33.5,32,30.6,29.3,28.2,27.1,26,25,24,23.1,22.2,21.3,20.5,19.8,19.1,18.5,17.8,17.2
ERI,"Mortality rate, infant (per 1,000 live births)",56.1,53.8,51.6,49.6,47.8,46.1,44.5,43,41.5,40.2,39,37.9,36.8,35.8,34.9,34,33.1,32.2,31.3,30.5
ESP,"Mortality rate, infant (per 1,000 live births)",4.4,4.3,4.2,4.1,3.9,3.8,3.7,3.6,3.4,3.3,3.1,3,2.9,2.8,2.8,2.7,2.7,2.7,2.7,2.7
EST,"Mortality rate, infant (per 1,000 live births)",8.7,8,7.3,6.7,6.2,5.7,5.2,4.7,4.3,4,3.6,3.3,3,2.8,2.6,2.4,2.2,2.1,1.9,1.8
ETH,"Mortality rate, infant (per 1,000 live births)",87.2,83.8,80.3,76.7,73.1,69.5,66.1,62.8,59.8,57,54.3,51.9,49.5,47.3,45.2,43.2,41.3,39.5,38,36.6
FIN,"Mortality rate, infant (per 1,000 live births)",3.5,3.4,3.3,3.3,3.2,3.1,3,2.8,2.7,2.6,2.5,2.4,2.3,2.2,2.1,2,2,2,1.9,1.9
FJI,"Mortality rate, infant (per 1,000 live births)",19.1,19,19,19.2,19.4,19.7,19.9,20.1,20.2,20.1,20,20,20,20.1,20.3,20.6,21.1,21.5,22.1,22.6
FRA,"Mortality rate, infant (per 1,000 live births)",4.1,3.9,3.7,3.6,3.4,3.3,3.3,3.2,3.2,3.1,3.1,3.1,3.1,3.1,3.1,3.2,3.2,3.3,3.4,3.4
FSM,"Mortality rate, infant (per 1,000 live births)",30.8,30,29.4,29,28.7,28.6,28.5,28.4,28.2,27.8,27.4,26.8,26.2,25.6,24.9,24.2,23.5,22.7,22.1,21.5
GAB,"Mortality rate, infant (per 1,000 live births)",53.3,52.3,51.2,50.2,49,47.7,46.6,45.2,43.9,42.9,41.6,40.4,39.1,37.9,37.2,36.1,34.6,33.7,32.5,31.5
GBR,"Mortality rate, infant (per 1,000 live births)",5.6,5.5,5.4,5.3,5.2,5.1,5,4.9,4.8,4.6,4.4,4.3,4.1,4,3.9,3.8,3.8,3.8,3.7,3.7
GEO,"Mortality rate, infant (per 1,000 live births)",31.9,29.9,27.7,25.5,23.2,21,19,17.1,15.4,13.9,12.7,11.6,10.8,10.2,9.7,9.4,9.1,8.8,8.7,8.4
GHA,"Mortality rate, infant (per 1,000 live births)",64.3,62.1,59.9,58,56.4,54.9,53.5,52.1,50.5,48.8,47,45.2,43.4,41.8,40.2,38.8,37.4,36.2,35,34
GIN,"Mortality rate, infant (per 1,000 live births)",99.9,96.2,92.7,89.5,86.5,83.9,81.5,79.4,77.6,75.9,74.4,73.1,71.8,70.5,69.5,68.4,67.1,66,64.7,63.4
GMB,"Mortality rate, infant (per 1,000 live births)",61.6,59.8,58.1,56.4,54.7,53.1,51.5,50,48.6,47.1,45.8,44.5,43.2,42,40.9,39.7,38.6,37.5,36.5,35.6
GNB,"Mortality rate, infant (per 1,000 live births)",105,102.1,99.1,95.9,92.6,89.2,85.9,82.5,79.1,75.9,72.6,69.6,66.8,64.3,62.1,60,58.1,56.3,54.6,53
GNQ,"Mortality rate, infant (per 1,000 live births)",107.1,104.4,101.7,99,96.1,93.2,90.3,87.4,84.5,81.7,79.1,76.7,74.3,72.1,69.9,67.6,65.6,63.6,61.7,60
GRC,"Mortality rate, infant (per 1,000 live births)",5.6,5.2,4.9,4.6,4.3,4,3.8,3.6,3.5,3.4,3.4,3.5,3.5,3.6,3.7,3.8,3.9,3.8,3.7,3.7
GRD,"Mortality rate, infant (per 1,000 live births)",12.9,12.8,12.6,12.5,12.5,12.4,12.5,12.5,12.7,12.8,13,13.3,13.5,13.8,14,14.3,14.5,14.6,14.7,14.7
GTM,"Mortality rate, infant (per 1,000 live births)",41,39.5,38.1,36.8,35.6,34.3,33.1,32,30.8,29.7,28.6,27.6,26.5,25.6,24.6,23.7,22.9,22.2,21.4,20.7
GUY,"Mortality rate, infant (per 1,000 live births)",37,36.2,35.4,34.7,34,33.4,32.8,32.2,31.7,31.1,30.6,30,29.4,28.8,28.1,27.4,26.6,25.9,25.2,24.5
HND,"Mortality rate, infant (per 1,000 live births)",30.3,29,27.8,26.6,25.5,24.4,23.4,22.4,21.5,20.6,19.8,19.1,18.4,17.7,17.1,16.5,16,15.4,14.9,14.4
HRV,"Mortality rate, infant (per 1,000 live births)",7.2,6.9,6.6,6.3,6.1,5.8,5.5,5.3,5.1,4.9,4.7,4.5,4.4,4.3,4.3,4.2,4.1,4.1,4,3.9
HTI,"Mortality rate, infant (per 1,000 live births)",74.5,72.3,70.3,68.4,66.7,65.3,63.8,62.5,61.3,60,102.6,57.6,56.4,55.3,54.1,52.8,51.5,50.3,49,47.8
HUN,"Mortality rate, infant (per 1,000 live births)",8.7,8.2,7.6,7.1,6.7,6.4,6.1,5.8,5.5,5.2,5.1,4.9,4.8,4.7,4.5,4.2,4,3.7,3.5,3.4
IDN,"Mortality rate, infant (per 1,000 live births)",41,39.4,37.8,36.4,37.1,33.6,32.4,31.2,30,29,27.9,26.9,25.9,25,24.1,23.2,22.4,21.6,20.8,20.2
IND,"Mortality rate, infant (per 1,000 live births)",66.7,64.4,62.1,60,57.8,55.7,53.6,51.5,49.4,47.2,45.1,43,40.9,38.8,36.9,34.9,33.1,31.4,29.8,28.3
IRL,"Mortality rate, infant (per 1,000 live births)",6,5.8,5.5,5.1,4.7,4.4,4.1,3.9,3.8,3.6,3.5,3.5,3.4,3.3,3.3,3.2,3.1,3,2.8,2.7
IRN,"Mortality rate, infant (per 1,000 live births)",29.7,28.2,26.7,25.1,23.6,22.2,20.9,19.7,18.5,17.4,16.5,15.7,15,14.4,13.8,13.3,12.8,12.4,11.9,11.5
IRQ,"Mortality rate, infant (per 1,000 live births)",35.6,34.9,34.3,33.7,33.1,32.4,31.8,31.1,30.3,29.5,28.7,27.9,27.1,26.3,25.5,24.8,24.1,23.4,22.7,22
ISL,"Mortality rate, infant (per 1,000 live births)",3.2,3.1,2.9,2.8,2.7,2.6,2.5,2.4,2.3,2.2,2.2,2.1,2,1.9,1.9,1.8,1.8,1.7,1.6,1.6
ITA,"Mortality rate, infant (per 1,000 live births)",4.7,4.5,4.3,4.1,3.9,3.8,3.7,3.6,3.5,3.4,3.4,3.3,3.2,3.1,3,3,2.9,2.8,2.7,2.6
JAM,"Mortality rate, infant (per 1,000 live births)",18.9,18.4,18,17.6,17.3,17,16.7,16.5,16.2,15.8,15.4,15.1,14.6,14.2,13.8,13.4,13,12.6,12.2,11.8
JOR,"Mortality rate, infant (per 1,000 live births)",22.5,22,21.4,20.8,20.2,19.7,19.2,18.7,18.1,17.6,17.2,16.7,16.2,15.8,15.4,15,14.6,14.1,13.7,13.3
JPN,"Mortality rate, infant (per 1,000 live births)",3.3,3.1,3,2.9,2.8,2.8,2.7,2.6,2.5,2.4,2.4,2.3,2.2,2.1,2.1,2,2,1.9,1.9,1.8
KAZ,"Mortality rate, infant (per 1,000 live births)",36.7,34.6,32.6,30.8,29,27.3,25.6,23.8,21.9,20,18.2,16.4,14.6,13,11.6,10.6,9.8,9.4,9.2,9
KEN,"Mortality rate, infant (per 1,000 live births)",59.9,57.8,55.5,53.2,50.8,48,45.7,43.7,41.4,40.4,39.3,38.5,38.2,37.4,36.4,35.2,34.4,33.7,32.7,32
KGZ,"Mortality rate, infant (per 1,000 live births)",42.5,40.6,38.8,37.1,35.6,34.1,32.7,31.2,29.6,27.8,26.1,24.5,23.2,22,20.9,19.9,18.9,18,17.1,16.4
KHM,"Mortality rate, infant (per 1,000 live births)",79.2,73.4,67.3,61.8,56.9,52.8,49.3,46.2,43.2,40.2,37.3,34.6,32.3,30.3,28.7,27.3,26,24.9,23.8,22.9
KIR,"Mortality rate, infant (per 1,000 live births)",51.7,50.7,50,49.5,49.4,49.4,49.7,50,50,49.8,49.3,48.6,47.8,46.8,45.8,44.7,43.6,42.6,41.4,40.3
KOR,"Mortality rate, infant (per 1,000 live births)",6.5,6.1,5.8,5.5,5.1,4.8,4.4,4.1,3.9,3.7,3.5,3.4,3.3,3.2,3.1,3,2.9,2.8,2.8,2.7
KWT,"Mortality rate, infant (per 1,000 live births)",10.7,10.5,10.3,10.1,10,9.8,9.7,9.5,9.4,9.2,8.9,8.5,8.2,7.9,7.7,7.5,7.4,7.4,7.5,7.5
LAO,"Mortality rate, infant (per 1,000 live births)",76.5,73.9,71.3,68.7,66.1,63.6,61.1,58.7,56.3,54,51.8,49.7,47.6,45.7,43.8,42.1,40.5,39.1,37.8,36.5
LBN,"Mortality rate, infant (per 1,000 live births)",17,16,15.1,14.1,13.1,12.1,11.2,10.4,9.8,9.2,8.7,8.3,8,7.7,7.4,7.1,6.8,6.6,6.4,6.2
LBR,"Mortality rate, infant (per 1,000 live births)",127.9,119.7,111.9,104.3,97.2,90.7,85.3,80.8,77.2,74.2,71.8,69.9,68.3,66.9,66,64.4,63.1,62,60.8,59.5
LBY,"Mortality rate, infant (per 1,000 live births)",24.1,23.4,22.7,21.9,21,19.8,18.6,17.3,16.1,15.1,14.2,14.9,12.9,12.3,11.8,11.4,11,10.6,10.2,9.9
LCA,"Mortality rate, infant (per 1,000 live births)",15.6,15.6,15.6,15.7,15.8,16,16.1,16.4,16.6,16.9,17.3,17.7,18.1,18.5,19,19.5,20,20.6,21.1,21.6
LKA,"Mortality rate, infant (per 1,000 live births)",14.2,13.7,13.4,13,17.7,12.2,11.6,11,10.5,13.9,9.8,9.4,8.9,8.4,7.9,7.5,7.1,6.7,6.4,6.2
LSO,"Mortality rate, infant (per 1,000 live births)",70,70.5,71.2,72.2,73,74,74.5,73.8,77.1,73.6,70.9,69,70.2,71,71.9,72.6,72.9,73.1,72.1,71.4
LTU,"Mortality rate, infant (per 1,000 live births)",8.6,8.2,7.9,7.6,7.4,7.3,6.9,6.5,5.9,5.4,4.9,4.5,4.2,4.1,4,4,3.9,3.6,3.3,2.9
LUX,"Mortality rate, infant (per 1,000 live births)",3.7,3.5,3.3,3.1,2.9,2.8,2.6,2.5,2.4,2.4,2.3,2.3,2.3,2.3,2.3,2.3,2.3,2.3,2.3,2.3
LVA,"Mortality rate, infant (per 1,000 live births)",11.5,10.8,10.2,9.7,9.2,8.6,8.1,7.7,7.3,6.9,6.5,6.1,5.6,5.1,4.6,4.3,4,3.8,3.6,3.5
MAR,"Mortality rate, infant (per 1,000 live births)",43.9,42.3,40.6,39,37.2,35.5,33.6,31.8,30.1,28.4,26.8,25.3,23.9,22.6,21.3,20.2,19.1,18.2,17.4,16.7
MDA,"Mortality rate, infant (per 1,000 live births)",26.2,23.9,21.7,19.8,18.3,17.1,16.3,15.7,15.3,15,14.7,14.5,14.2,14,13.7,13.6,13.3,13.1,12.9,12.7
MDG,"Mortality rate, infant (per 1,000 live births)",67.5,64.9,62.5,60.2,58,55.9,53.9,52,50.3,48.6,47.1,45.8,44.6,43.4,42.3,41.3,40.3,39.3,38.2,37.2
MDV,"Mortality rate, infant (per 1,000 live births)",31.7,28.5,25.5,22.8,21.4,18.3,16.5,15.1,13.8,12.8,11.9,11.1,10.4,9.7,9.1,8.4,7.7,7.1,6.5,6
MEX,"Mortality rate, infant (per 1,000 live births)",23.8,22.8,21.9,21,20.2,19.5,18.8,18.2,17.6,17,16.4,15.9,15.4,14.9,14.4,13.9,13.5,13,12.6,12.2
MHL,"Mortality rate, infant (per 1,000 live births)",33.9,33.9,33.8,33.6,33.4,33.2,32.9,32.6,32.3,32,31.7,31.4,30.9,30.4,29.7,29.1,28.4,27.7,26.9,26.3
MKD,"Mortality rate, infant (per 1,000 live births)",14.3,13.2,12.8,12.8,12.7,12.2,11.5,10.9,10.3,9.7,9.2,8.8,9,9.4,9.9,10,9.6,8.5,7.1,6
MLI,"Mortality rate, infant (per 1,000 live births)",101.5,98.8,96.1,93.3,90.7,88.1,85.7,83.3,81.1,78.8,76.7,74.6,72.6,70.6,68.7,66.8,65.1,63.4,61.8,60.3
MLT,"Mortality rate, infant (per 1,000 live births)",6.9,6.6,6.5,6.3,6.2,6.1,6,6,5.9,5.9,5.8,5.8,5.8,5.8,5.8,5.7,5.7,5.7,5.7,5.7
MMR,"Mortality rate, infant (per 1,000 live births)",65.4,63.8,62.3,60.7,59.1,57.4,55.8,54.1,63.4,50.5,48.8,47,45.4,43.8,42.3,41,39.7,38.5,37.2,36.1
MNE,"Mortality rate, infant (per 1,000 live births)",12.5,12,11.4,10.6,9.9,9.2,8.4,7.7,7,6.3,5.7,5.1,4.6,4.1,3.7,3.3,3,2.6,2.4,2.1
MNG,"Mortality rate, infant (per 1,000 live births)",48.6,45.3,42,38.9,35.9,33.1,30.5,28.1,25.9,23.9,22.1,20.6,19.4,18.3,17.4,16.6,15.9,15.1,14.4,13.8
MOZ,"Mortality rate, infant (per 1,000 live births)",112.4,106.1,100.3,95.3,90.8,86.9,83.2,78,75.6,72.7,72.5,68.8,66.4,64.7,63,61.3,59.4,57.5,56,54.3
MRT,"Mortality rate, infant (per 1,000 live births)",69.1,68.9,68.6,68.3,67.8,67,66.1,65,63.8,62.5,61.2,60,58.8,57.5,56.2,55,53.8,52.6,51.5,50.2
MUS,"Mortality rate, infant (per 1,000 live births)",16.6,15.3,14.4,13.8,13.5,13.4,13.2,13,12.7,12.5,12.5,12.6,13,13.1,12.9,12.8,12.8,13.2,13.7,14.3
MWI,"Mortality rate, infant (per 1,000 live births)",100.5,92.9,84.6,76.8,70.1,65,61.6,59.6,56.5,54.5,52.4,48.8,45.6,42.2,39.2,36.7,34.6,32.8,31.4,30.1
MYS,"Mortality rate, infant (per 1,000 live births)",8.7,8.1,7.6,7.3,7.1,7,7,6.9,6.9,6.9,6.9,6.8,6.8,6.8,6.8,6.9,7,7.1,7.2,7.3
NAM,"Mortality rate, infant (per 1,000 live births)",45,44.2,43.6,43.3,42.7,39.4,37.3,37.6,37.5,38.5,36.8,36.9,37.9,35.8,34,33.3,32.8,32.2,31.7,30.9
NER,"Mortality rate, infant (per 1,000 live births)",97,93.7,90.1,86.2,82.3,78.5,74.8,71.3,67.9,64.8,61.9,59.3,57,55,53.4,51.8,50.4,49.1,47.9,46.7
NGA,"Mortality rate, infant (per 1,000 live births)",109.8,106.8,103.8,100.8,97.8,95,92.3,89.8,87.7,85.9,84.3,83,81.9,81,80.1,79.3,78.3,77.1,75.7,74
NIC,"Mortality rate, infant (per 1,000 live births)",31.4,29.9,28.5,27.2,26,24.9,23.9,22.9,22,21.1,20.3,19.5,18.7,18,17.3,16.6,16,15.4,14.8,14.3
NLD,"Mortality rate, infant (per 1,000 live births)",5.1,5,4.9,4.8,4.6,4.4,4.3,4.1,4,3.8,3.7,3.6,3.6,3.5,3.5,3.4,3.4,3.5,3.5,3.5
NOR,"Mortality rate, infant (per 1,000 live births)",3.9,3.8,3.7,3.6,3.4,3.3,3.2,3,2.9,2.8,2.7,2.5,2.5,2.4,2.3,2.2,2.1,2.1,2,1.9
NPL,"Mortality rate, infant (per 1,000 live births)",58.7,55.8,53.1,50.6,48.2,45.9,43.8,41.9,40.1,38.3,36.6,35,33.5,32,30.5,29.2,27.8,26.6,25.5,24.5
NZL,"Mortality rate, infant (per 1,000 live births)",6.1,5.9,5.8,5.7,5.6,5.5,5.4,5.3,5.2,5.2,5.1,5,4.9,4.8,4.7,4.6,4.4,4.3,4.2,4.1
OMN,"Mortality rate, infant (per 1,000 live births)",14.2,13.3,12.5,11.9,11.4,11,10.7,10.5,10.3,10.2,10.1,10,9.8,9.7,9.7,9.6,9.6,9.6,9.6,9.5
PAK,"Mortality rate, infant (per 1,000 live births)",84.6,82.6,80.9,79.3,77.9,76.6,75.4,74.1,72.8,71.5,70.1,68.6,67,65.4,63.8,62.1,60.5,58.9,57.3,55.7
PAN,"Mortality rate, infant (per 1,000 live births)",21.9,21.4,20.9,20.5,20,19.5,19,18.5,18,17.5,17,16.5,16,15.5,15.1,14.6,14.1,13.7,13.2,12.8
PER,"Mortality rate, infant (per 1,000 live births)",29.3,27.2,25.2,23.5,22,20.6,19.3,18.2,17.1,16.2,15.3,14.6,13.9,13.3,12.7,12.2,11.7,11.2,10.7,10.3
PHL,"Mortality rate, infant (per 1,000 live births)",28.7,28.2,27.8,27.3,26.9,26.4,26,25.7,25.3,25,24.8,24.5,24.2,23.9,23.7,23.4,23,22.6,22.1,21.5
PNG,"Mortality rate, infant (per 1,000 live births)",53.6,52.8,52.1,51.3,50.4,49.6,48.7,47.8,46.8,45.9,44.9,44,43,42.1,41.2,40.2,39.3,38.2,37.2,36.2
POL,"Mortality rate, infant (per 1,000 live births)",8.1,7.6,7.3,7,6.8,6.5,6.3,6.1,5.8,5.5,5.1,4.9,4.7,4.5,4.3,4.2,4.1,4,3.9,3.8
PRI,"Mortality rate, infant (per 1,000 live births)",NA,NA,NA,NA,NA,NA,NA,NA,NA,NA,NA,NA,NA,NA,NA,NA,NA,NA,NA,NA
PRK,"Mortality rate, infant (per 1,000 live births)",44.5,39.1,34.2,30.4,27.8,26.4,26,25.7,25.2,24.4,23.1,21.5,19.8,18.3,17,16,15.1,14.4,13.7,13.1
PRT,"Mortality rate, infant (per 1,000 live births)",5.5,5.1,4.7,4.3,3.9,3.6,3.4,3.3,3.2,3.1,3.1,3,3,3,3,3,3,3,2.9,2.8
PRY,"Mortality rate, infant (per 1,000 live births)",27.9,27.4,26.8,26.2,25.6,25,24.5,23.9,23.2,22.6,22,21.4,20.8,20.2,19.6,19,18.4,17.8,17.2,16.7
QAT,"Mortality rate, infant (per 1,000 live births)",10.7,10.3,10,9.6,9.3,8.9,8.7,8.4,8.2,8,7.8,7.6,7.4,7.2,7,6.7,6.3,6,5.6,5.3
ROU,"Mortality rate, infant (per 1,000 live births)",18.1,17.3,17,17,16.5,15.5,14.2,13,11.9,11.1,10.5,10,9.5,8.9,8.3,7.7,7,6.5,6.1,5.8
RUS,"Mortality rate, infant (per 1,000 live births)",15.5,14.7,13.8,12.9,12,11.1,10.3,9.6,9,8.6,8.3,8.1,7.9,7.6,7.2,6.6,6.1,5.5,5.1,4.7
RWA,"Mortality rate, infant (per 1,000 live births)",109.5,100,90.3,81.4,72.8,65.5,59.3,54.4,50.2,47,44,40.6,38.8,37.1,35.7,34.6,33.7,32.9,32,31.1
SAU,"Mortality rate, infant (per 1,000 live births)",18.8,17.7,16.7,15.8,15,14.2,13.4,12.6,11.9,11.2,10.5,9.9,9.3,8.8,8.3,7.8,7.3,6.9,6.6,6.3
SDN,"Mortality rate, infant (per 1,000 live births)",66.9,65,63,61.2,59.4,57.8,56.2,54.7,53.3,52,50.7,49.6,48.5,47.4,46.3,45.2,44.1,43,42,41
SEN,"Mortality rate, infant (per 1,000 live births)",67.7,65.2,62.3,59.2,56.1,53.2,50.6,48.2,46.1,44.1,42.4,40.7,39.2,37.6,36.2,34.7,33.3,32,30.8,29.8
SGP,"Mortality rate, infant (per 1,000 live births)",3,2.8,2.6,2.5,2.4,2.3,2.3,2.3,2.3,2.3,2.3,2.2,2.2,2.2,2.2,2.2,2.2,2.2,2.1,2
SLB,"Mortality rate, infant (per 1,000 live births)",25.6,25.3,25.1,24.9,24.7,24.4,24.1,23.8,23.3,22.8,22.2,21.6,21,20.5,19.9,19.3,18.8,18.2,17.7,17.1
SLE,"Mortality rate, infant (per 1,000 live births)",138.1,135.6,132.9,130.2,127.2,124.1,120.9,117.6,114.2,110.6,107.2,103.8,100.7,97.7,95.6,95.1,89.7,87.3,84.8,82.4
SLV,"Mortality rate, infant (per 1,000 live births)",27.4,26,24.7,23.5,22.4,21.2,20.2,19.2,18.3,17.4,16.6,15.8,15.1,14.4,13.8,13.3,12.8,12.3,11.9,11.5
SOM,"Mortality rate, infant (per 1,000 live births)",104.4,104.4,104.4,104.4,104.4,104.4,104,103,101.1,98.7,96.2,93.8,91,88.4,85.9,83.6,81.4,79.1,76.8,74.8
SRB,"Mortality rate, infant (per 1,000 live births)",10.9,10.6,9.9,9.1,8.4,7.7,7.3,7,6.9,6.7,6.6,6.4,6.2,5.9,5.7,5.4,5.2,5.1,5,4.9
SSD,"Mortality rate, infant (per 1,000 live births)",108.9,104.1,99.5,95,90.7,86.6,82.8,79.1,75.7,72.4,69.2,66.4,64.5,63.6,63.3,63.3,63.3,63.3,63.3,63.3
STP,"Mortality rate, infant (per 1,000 live births)",54.3,51.2,48,45,42.1,39.3,36.6,34.2,31.9,29.7,27.6,25.7,23.7,22,20.1,18.5,16.9,15.5,14.4,13.5
SUR,"Mortality rate, infant (per 1,000 live births)",27.5,26.6,25.7,24.9,24.2,23.5,22.9,22.2,21.7,21.1,20.6,20.1,19.6,19.1,18.6,18.2,17.7,17.2,16.7,16.2
SVK,"Mortality rate, infant (per 1,000 live births)",8.2,7.9,7.6,7.3,7.1,6.8,6.6,6.4,6.1,5.9,5.8,5.6,5.5,5.3,5.2,5.1,5,4.9,4.9,4.8
SVN,"Mortality rate, infant (per 1,000 live births)",4.6,4.3,4.1,3.9,3.7,3.5,3.3,3.1,2.9,2.8,2.6,2.5,2.4,2.3,2.2,2.1,2,2,1.9,1.8
SWE,"Mortality rate, infant (per 1,000 live births)",3.4,3.4,3.3,3.2,3.1,3,2.8,2.7,2.6,2.6,2.5,2.5,2.4,2.4,2.4,2.3,2.3,2.3,2.2,2.2
SWZ,"Mortality rate, infant (per 1,000 live births)",67.8,69,69.6,69.8,69.1,68.3,58.8,59.3,61.1,57.9,54.7,51.5,50.6,49.5,50.1,45.2,42.6,43.5,39.4,37.7
SYC,"Mortality rate, infant (per 1,000 live births)",11.8,11.8,11.8,11.8,11.8,11.8,11.9,11.9,12,12,12.1,12.2,12.4,12.5,12.6,12.7,12.8,12.7,12.5,12.3
SYR,"Mortality rate, infant (per 1,000 live births)",19.6,18.9,18.2,17.7,17.2,16.8,16.5,16.3,16.2,16.1,16.2,16.7,23.4,26.8,27.7,25.6,25,18.8,18.9,18.4
TCD,"Mortality rate, infant (per 1,000 live births)",99.7,98.2,96.8,95.3,93.9,92.4,90.8,89.2,87.5,85.8,84.1,82.3,80.6,78.9,77.3,75.7,74.1,72.4,70.7,69
TGO,"Mortality rate, infant (per 1,000 live births)",75.7,73.7,71.8,69.9,68,66.3,64.6,62.9,61.4,59.8,58.3,56.7,55.2,53.7,52.2,50.8,49.4,48.1,46.8,45.5
THA,"Mortality rate, infant (per 1,000 live births)",18.7,17.8,17,16.2,15.5,14.8,14.1,13.4,12.8,12.2,11.7,11.2,10.6,10.2,9.7,9.3,8.9,8.5,8.1,7.7
TJK,"Mortality rate, infant (per 1,000 live births)",67.6,62.9,58.4,54.2,50.4,47,44.1,41.7,39.7,38.1,36.9,35.8,35,34.2,33.4,32.6,31.8,30.9,30.1,29.2
TKM,"Mortality rate, infant (per 1,000 live births)",57.5,54.7,51.9,49.2,46.7,44.4,42.3,40.6,39.1,38,37.2,36.7,36.3,36.3,36.3,36.4,36.7,37,37,36.6
TLS,"Mortality rate, infant (per 1,000 live births)",84.5,80.6,76.8,73,69.3,65.7,62.1,58.8,56,53.6,51.4,49.4,47.5,45.9,44.3,42.8,41.4,40.1,38.8,37.7
TON,"Mortality rate, infant (per 1,000 live births)",14.5,14.2,13.8,13.4,13,12.7,12.3,12,11.8,11.5,11.3,11.1,11,10.9,10.8,10.7,10.6,10.4,10.3,10
TTO,"Mortality rate, infant (per 1,000 live births)",24.7,24.5,24.3,23.9,23.5,23,22.4,21.7,21.2,20.7,20.1,19.5,18.9,18.4,17.8,17.3,16.8,16.3,15.8,15.4
TUN,"Mortality rate, infant (per 1,000 live births)",25,23.4,22,20.8,19.7,18.8,17.9,17.2,16.6,16.2,15.8,15.5,15.2,15,14.9,14.8,14.7,14.7,14.6,14.5
TUR,"Mortality rate, infant (per 1,000 live births)",30.9,29,27.1,25.3,23.6,22,20.5,19.2,17.9,16.6,15.5,14.5,13.6,12.7,11.9,11.1,10.5,9.8,9.2,8.6
TZA,"Mortality rate, infant (per 1,000 live births)",78.9,74.4,69.9,65.6,61.9,58.5,55.8,52.9,51,48.7,47.1,45.5,44,43,41.9,40.9,39.7,38.2,36.8,35.8
UGA,"Mortality rate, infant (per 1,000 live births)",87.1,83.4,79.2,74.7,70,65.6,61.6,57.9,54.5,52.1,49.5,47,44.3,42.4,40.6,38.9,37.3,35.7,34.1,33
UKR,"Mortality rate, infant (per 1,000 live births)",15.7,15,14.3,13.6,13,12.5,12,11.5,11.1,10.6,10.1,9.6,9.2,8.8,8.4,8.1,7.9,7.6,7.4,7.2
URY,"Mortality rate, infant (per 1,000 live births)",14.8,14.4,14.1,13.7,13.2,12.5,11.7,11,10.3,9.7,9.3,8.9,8.6,8.3,8,7.6,7.2,6.8,6.3,5.8
USA,"Mortality rate, infant (per 1,000 live births)",7.1,7,6.9,6.9,6.8,6.7,6.7,6.6,6.5,6.4,6.2,6.1,6,6,5.9,5.8,5.7,5.7,5.6,5.5
UZB,"Mortality rate, infant (per 1,000 live births)",50.8,48.4,45.7,43,40.1,37.4,34.8,32.2,29.8,27.5,25.4,23.4,21.7,20,18.6,17.3,16.1,15,14.1,13.3
VCT,"Mortality rate, infant (per 1,000 live births)",19.2,19.1,19.1,19,19,18.9,18.8,18.7,18.5,18.2,17.8,17.3,16.8,16.2,15.7,15.2,14.7,14.3,13.8,13.4
VEN,"Mortality rate, infant (per 1,000 live births)",18.4,17.8,17.4,16.9,16.4,15.8,15.4,15,14.7,14.6,14.7,14.7,14.9,15.1,15.4,16.4,21.1,21.1,21.1,21.1
VNM,"Mortality rate, infant (per 1,000 live births)",23.5,22.6,21.7,21,20.4,19.9,19.4,19.1,18.8,18.5,18.3,18.1,17.9,17.8,17.6,17.4,17.3,17.1,17,16.9
VUT,"Mortality rate, infant (per 1,000 live births)",23.9,23.7,23.6,23.5,23.6,23.6,23.8,23.9,24.1,24.2,24.3,24.5,24.5,24.3,24.1,23.6,23.2,22.7,22.2,21.6
WSM,"Mortality rate, infant (per 1,000 live births)",18.1,17.6,17.1,16.8,16.6,16.5,16.5,16.5,16.5,18.8,16.6,16.5,16.4,16.2,16.1,15.9,15.7,15.5,15.3,15
YEM,"Mortality rate, infant (per 1,000 live births)",68.8,65.8,62.8,60,57.3,54.8,52.3,50,48,46.4,45.5,45.3,45.4,45.2,45.4,46.1,46,45.9,46.5,46.4
ZAF,"Mortality rate, infant (per 1,000 live births)",47.7,47.8,47.9,48.4,49.4,49.4,48.7,46.6,43,38.4,34.4,32.1,31,30.1,29.4,28.6,28,27.6,26.9,26.3
ZMB,"Mortality rate, infant (per 1,000 live births)",90.2,85.3,79.2,73.2,67.1,61.9,58.4,56.7,54.5,52.9,51.2,50.1,49.1,46.6,46,46.9,45.6,44.3,43.9,42.9
ZWE,"Mortality rate, infant (per 1,000 live births)",51.9,51.1,50.7,50.4,51.2,51.7,53.4,54.6,54.5,54,52.1,50.8,46.5,44.8,42.9,42.1,40.8,39.9,38.8,38.1
